question_text,option_a,option_b,option_c,option_d,correct_answer,subject,chapter,topic,difficulty,marks,explanation
"What is the SI unit of force?","Newton","Joule","Watt","Pascal","A","Physics","Mechanics","Force & Motion","easy","1","The SI unit of force is Newton (N). It is defined as the force required to accelerate 1 kg mass at 1 m/s²."
"The acceleration due to gravity on Earth's surface is approximately:","8.9 m/s²","9.8 m/s²","10.8 m/s²","7.8 m/s²","B","Physics","Mechanics","Gravitation","easy","1","The standard value of acceleration due to gravity (g) on Earth's surface is approximately 9.8 m/s² (often rounded to 10 m/s² for calculations)."
"Which of the following is a vector quantity?","Speed","Distance","Mass","Velocity","D","Physics","Mechanics","Scalars & Vectors","easy","1","Velocity is a vector quantity as it has both magnitude and direction. Speed, Distance, and Mass are scalar quantities."
"Newton's Second Law of Motion states that F = ?","ma","mv","m/a","mv²","A","Physics","Mechanics","Laws of Motion","easy","1","Newton's Second Law: Force = mass × acceleration (F = ma). The net force on an object equals the product of its mass and acceleration."
"What is the unit of electric current?","Volt","Ohm","Ampere","Watt","C","Physics","Electricity","Electric Current","easy","1","The SI unit of electric current is the Ampere (A), named after André-Marie Ampère."
"Ohm's Law states that V = ?","IR","I/R","I+R","I-R","A","Physics","Electricity","Ohm's Law","easy","1","Ohm's Law: Voltage (V) = Current (I) × Resistance (R). This relationship holds for ohmic conductors at constant temperature."
"The speed of light in vacuum is approximately:","3 × 10⁸ m/s","3 × 10⁶ m/s","3 × 10¹⁰ m/s","3 × 10⁴ m/s","A","Physics","Modern Physics","Relativity","medium","1","The speed of light in vacuum (c) is exactly 299,792,458 m/s, commonly approximated as 3 × 10⁸ m/s."
"Which law states that the pressure of a fixed amount of gas is proportional to its temperature?","Boyle's Law","Charles' Law","Gay-Lussac's Law","Avogadro's Law","C","Physics","Thermodynamics","Gas Laws","medium","1","Gay-Lussac's Law states that at constant volume, the pressure of a fixed amount of gas is directly proportional to its absolute temperature (P ∝ T)."
"The phenomenon of light bending around obstacles is called:","Reflection","Refraction","Diffraction","Interference","C","Physics","Optics","Wave Nature of Light","medium","1","Diffraction is the bending of light (or any wave) around the edges of an obstacle or through a small opening."
"What is the focal length of a convex mirror of radius of curvature 30 cm?","15 cm","30 cm","60 cm","-15 cm","A","Physics","Optics","Mirrors","medium","1","Focal length = Radius of curvature / 2 = 30/2 = 15 cm. For a convex mirror, focal length is positive."
"In a series circuit, the total resistance is:","Less than the smallest resistance","Equal to the sum of all resistances","Greater than the sum of all resistances","None of the above","B","Physics","Electricity","Circuit Theory","easy","1","In a series circuit, total resistance = R₁ + R₂ + R₃ + ... The resistances simply add up."
"The work done by a force is given by W = Fd cosθ. When θ = 90°, the work done is:","Maximum","Minimum","Zero","Fd","C","Physics","Mechanics","Work Energy Power","medium","1","When θ = 90°, cos90° = 0, so W = Fd × 0 = 0. No work is done when force is perpendicular to displacement."
"Which type of electromagnetic radiation has the highest frequency?","Radio waves","Infrared","X-rays","Gamma rays","D","Physics","Modern Physics","Electromagnetic Spectrum","medium","1","Gamma rays have the highest frequency (and therefore highest energy) in the electromagnetic spectrum, followed by X-rays."
"The photoelectric effect was explained by:","Maxwell","Hertz","Einstein","Planck","C","Physics","Modern Physics","Quantum Mechanics","hard","1","Albert Einstein explained the photoelectric effect in 1905 using the concept of light quanta (photons), for which he received the Nobel Prize in Physics in 1921."
"De Broglie wavelength λ = h/p. If momentum doubles, wavelength:","Doubles","Halves","Stays same","Quadruples","B","Physics","Modern Physics","Matter Waves","hard","1","λ = h/p. If p doubles (p → 2p), then λ = h/2p = λ/2. Wavelength is halved. This is the de Broglie relation."
"What is the atomic number of Carbon?","4","6","8","12","B","Chemistry","Atomic Structure","Periodic Table","easy","1","Carbon has atomic number 6, meaning it has 6 protons in its nucleus. Its mass number is 12 (6 protons + 6 neutrons)."
"Which of the following is an exothermic reaction?","Photosynthesis","Combustion","Electrolysis","Decomposition of CaCO₃","B","Chemistry","Thermochemistry","Energy Changes","easy","1","Combustion is an exothermic reaction that releases heat energy. Photosynthesis is endothermic (absorbs energy)."
"The pH of pure water at 25°C is:","0","7","14","1","B","Chemistry","Acid-Base Chemistry","pH Scale","easy","1","Pure water has a pH of 7 at 25°C, indicating it is neutral (neither acidic nor basic). H₃O⁺ concentration = 10⁻⁷ mol/L."
"Which gas is produced when zinc reacts with dilute H₂SO₄?","O₂","CO₂","H₂","SO₂","C","Chemistry","Chemical Reactions","Acid-Metal Reactions","easy","1","Zn + H₂SO₄ → ZnSO₄ + H₂↑. When zinc reacts with dilute sulfuric acid, hydrogen gas is produced."
"Avogadro's number is approximately:","6.022 × 10²³","6.022 × 10²⁰","6.022 × 10²⁶","6.022 × 10¹⁶","A","Chemistry","Stoichiometry","Mole Concept","easy","1","Avogadro's number (Nₐ) = 6.022 × 10²³ mol⁻¹. This is the number of particles (atoms, molecules) in one mole of a substance."
"The IUPAC name of CH₃-CH₂-OH is:","Methanol","Ethanol","Propanol","Butanol","B","Chemistry","Organic Chemistry","Alcohols","easy","1","CH₃-CH₂-OH has 2 carbon atoms and a hydroxyl group (-OH), making it ethanol. IUPAC name: ethan-1-ol."
"Which element has the highest electronegativity?","Oxygen","Chlorine","Nitrogen","Fluorine","D","Chemistry","Chemical Bonding","Electronegativity","medium","1","Fluorine has the highest electronegativity value of 3.98 on the Pauling scale, making it the most electronegative element."
"The hybridization of carbon in ethylene (C₂H₄) is:","sp","sp²","sp³","sp³d","B","Chemistry","Organic Chemistry","Chemical Bonding","medium","1","In ethylene (C₂H₄), each carbon forms a double bond. The carbon is sp² hybridized with one unhybridized p orbital forming the π bond."
"Which of the following is a noble gas?","Chlorine","Nitrogen","Neon","Hydrogen","C","Chemistry","Atomic Structure","Periodic Table","easy","1","Neon (Ne) is a noble gas (Group 18). Noble gases have complete electron configurations and are generally unreactive."
"The rate of a chemical reaction generally increases with:","Decrease in temperature","Increase in temperature","Decrease in concentration","Increase in surface area only","B","Chemistry","Chemical Kinetics","Reaction Rate","medium","1","Increasing temperature provides more activation energy to reactant molecules, increasing collision frequency and energy, thus increasing reaction rate."
"What is Le Chatelier's Principle?","A system at equilibrium will shift to oppose any change imposed on it","Reactions always proceed in the forward direction","Entropy always increases","Energy is always conserved","A","Chemistry","Chemical Equilibrium","Equilibrium Principles","medium","1","Le Chatelier's Principle: When a system at equilibrium is disturbed, it shifts to partially counteract the disturbance and restore equilibrium."
"The derivative of sin(x) with respect to x is:","cos(x)","-cos(x)","sin(x)","-sin(x)","A","Mathematics","Calculus","Differentiation","easy","1","d/dx[sin(x)] = cos(x). This is a fundamental derivative formula in calculus."
"The integral of 1/x dx is:","x","ln|x|","1/x²","e^x","B","Mathematics","Calculus","Integration","easy","1","∫(1/x)dx = ln|x| + C. The natural logarithm is the antiderivative of 1/x."
"The roots of the quadratic equation x² - 5x + 6 = 0 are:","2 and 3","1 and 6","2 and -3","-2 and -3","A","Mathematics","Algebra","Quadratic Equations","easy","1","x² - 5x + 6 = 0 → (x-2)(x-3) = 0 → x = 2 or x = 3. Verify: sum = 5 = -(-5), product = 6."
"sin²θ + cos²θ equals:","0","1","2","tanθ","B","Mathematics","Trigonometry","Trigonometric Identities","easy","1","sin²θ + cos²θ = 1 is the fundamental Pythagorean trigonometric identity, derived from the unit circle definition."
"The value of lim(x→0) [sin(x)/x] is:","0","∞","1","Undefined","C","Mathematics","Calculus","Limits","medium","1","This is a standard limit: lim(x→0) [sin(x)/x] = 1. It can be proved using L'Hôpital's rule or the squeeze theorem."
"If f(x) = x³, then f'(x) is:","3x","3x²","x²","3x³","B","Mathematics","Calculus","Differentiation","easy","1","By the power rule: d/dx[xⁿ] = nxⁿ⁻¹. So d/dx[x³] = 3x²."
"The sum of angles in a triangle is:","90°","180°","270°","360°","B","Mathematics","Geometry","Basic Geometry","easy","1","The sum of interior angles of any triangle equals 180°. This is the Triangle Angle Sum Theorem."
"Which of the following is NOT a prime number?","2","7","11","15","D","Mathematics","Number Theory","Prime Numbers","easy","1","15 = 3 × 5, so it has factors other than 1 and itself, making it composite, not prime. 2, 7, and 11 are prime."
"The slope-intercept form of a line is:","y = mx + b","ax + by = c","y - y₁ = m(x - x₁)","x²+ y² = r²","A","Mathematics","Coordinate Geometry","Lines","easy","1","y = mx + b is the slope-intercept form, where m is the slope and b is the y-intercept."
"What is the determinant of [[2,3],[4,5]]?","2","–2","7","22","B","Mathematics","Algebra","Matrices","medium","1","det([[2,3],[4,5]]) = (2×5) - (3×4) = 10 - 12 = -2. For a 2×2 matrix [[a,b],[c,d]], det = ad - bc."
"The standard deviation is:","Mean of the data","Square root of variance","Sum of deviations","Variance squared","B","Mathematics","Statistics","Measures of Dispersion","medium","1","Standard deviation = √(variance). It measures the spread of data around the mean and has the same units as the original data."
"Bayes' theorem relates:","P(A) and P(B)","P(A|B) and P(B|A)","P(A∪B) and P(A∩B)","P(A') and P(B')","B","Mathematics","Probability","Conditional Probability","hard","1","Bayes' theorem: P(A|B) = P(B|A)×P(A)/P(B). It relates conditional probabilities and is fundamental to Bayesian inference."
"The value of e (Euler's number) is approximately:","2.718","3.141","1.618","1.414","A","Mathematics","Calculus","Constants","easy","1","Euler's number e ≈ 2.71828... It is the base of the natural logarithm and appears in exponential growth/decay."
"∫₀¹ x² dx equals:","1","1/2","1/3","1/4","C","Mathematics","Calculus","Definite Integration","medium","1","∫₀¹ x² dx = [x³/3]₀¹ = 1/3 - 0 = 1/3. Use the power rule for integration: ∫xⁿ dx = xⁿ⁺¹/(n+1) + C."
"What is the derivative of eˣ?","xeˣ⁻¹","eˣ","xe^(x-1)","e^(x+1)","B","Mathematics","Calculus","Differentiation","easy","1","d/dx[eˣ] = eˣ. The exponential function eˣ is its own derivative, a unique and important property."
"The area of a circle with radius r is:","2πr","πr²","4πr²","πr","B","Mathematics","Geometry","Areas","easy","1","Area of circle = πr², where r is the radius. Circumference = 2πr. Do not confuse the two."
"What is the law of conservation of momentum?","Momentum is always increasing","Total momentum of a closed system remains constant","Momentum equals force times time","Momentum is always zero","B","Physics","Mechanics","Momentum","medium","1","In a closed system with no external forces, total momentum before = total momentum after. This is the law of conservation of momentum."
"The process by which plants make food using sunlight is called:","Respiration","Photosynthesis","Transpiration","Digestion","B","Biology","Plant Biology","Photosynthesis","easy","1","Photosynthesis: 6CO₂ + 6H₂O + light energy → C₆H₁₂O₆ + 6O₂. Plants convert light energy to chemical energy stored in glucose."
"Which organelle is known as the 'powerhouse of the cell'?","Nucleus","Ribosome","Mitochondria","Chloroplast","C","Biology","Cell Biology","Cell Organelles","easy","1","Mitochondria are called the powerhouse of the cell because they produce ATP (adenosine triphosphate) through cellular respiration, providing energy for cellular processes."
"DNA stands for:","Deoxyribonucleic Acid","Diribonucleic Acid","Deoxyribose Nucleic Acid","Double Nucleic Acid","A","Biology","Genetics","Molecular Biology","easy","1","DNA = Deoxyribonucleic Acid. It carries the genetic information of living organisms and is composed of nucleotides with deoxyribose sugar."
